<?xml version="1.0" encoding="UTF-8"?>
<project xsi:schemaLocation="http://maven.apache.org/POM/4.0.0 https://maven.apache.org/xsd/maven-4.0.0.xsd" xmlns="http://maven.apache.org/POM/4.0.0"
    xmlns:xsi="http://www.w3.org/2001/XMLSchema-instance">
  <modelVersion>4.0.0</modelVersion>
  <groupId>org.owasp.webgoat</groupId>
  <artifactId>webwolf</artifactId>
  <version>8.2.3-SNAPSHOT</version>
  <licenses>
    <license>
      <name>GNU General Public License, version 2</name>
      <url>https://www.gnu.org/licenses/gpl-2.0.txt</url>
    </license>
  </licenses>
  <dependencies>
    <dependency>
      <groupId>org.springframework.boot</groupId>
      <artifactId>spring-boot-starter-validation</artifactId>
      <version>2.6.1</version>
      <scope>compile</scope>
    </dependency>
    <dependency>
      <groupId>com.fasterxml.jackson.datatype</groupId>
      <artifactId>jackson-datatype-jsr310</artifactId>
      <version>2.13.0</version>
      <scope>compile</scope>
    </dependency>
    <dependency>
      <groupId>com.google.guava</groupId>
      <artifactId>guava</artifactId>
      <version>30.1-jre</version>
      <scope>compile</scope>
    </dependency>
    <dependency>
      <groupId>org.projectlombok</groupId>
      <artifactId>lombok</artifactId>
      <version>1.18.22</version>
      <scope>compile</scope>
    </dependency>
    <dependency>
      <groupId>commons-io</groupId>
      <artifactId>commons-io</artifactId>
      <version>2.6</version>
      <scope>compile</scope>
    </dependency>
    <dependency>
      <groupId>org.apache.commons</groupId>
      <artifactId>commons-lang3</artifactId>
      <version>3.12.0</version>
      <scope>compile</scope>
    </dependency>
    <dependency>
      <groupId>org.bitbucket.b_c</groupId>
      <artifactId>jose4j</artifactId>
      <version>0.7.6</version>
      <scope>compile</scope>
    </dependency>
    <dependency>
      <groupId>org.springframework.boot</groupId>
      <artifactId>spring-boot-starter-security</artifactId>
      <version>2.6.1</version>
      <scope>compile</scope>
    </dependency>
    <dependency>
      <groupId>org.springframework.boot</groupId>
      <artifactId>spring-boot-starter-undertow</artifactId>
      <version>2.6.1</version>
      <scope>compile</scope>
    </dependency>
    <dependency>
      <groupId>org.springframework.boot</groupId>
      <artifactId>spring-boot-starter-web</artifactId>
      <version>2.6.1</version>
      <scope>compile</scope>
      <exclusions>
        <exclusion>
          <artifactId>spring-boot-starter-tomcat</artifactId>
          <groupId>org.springframework.boot</groupId>
        </exclusion>
      </exclusions>
    </dependency>
    <dependency>
      <groupId>org.springframework.boot</groupId>
      <artifactId>spring-boot-starter-thymeleaf</artifactId>
      <version>2.6.1</version>
      <scope>compile</scope>
    </dependency>
    <dependency>
      <groupId>org.springframework.boot</groupId>
      <artifactId>spring-boot-starter-actuator</artifactId>
      <version>2.6.1</version>
      <scope>compile</scope>
      <exclusions>
        <exclusion>
          <artifactId>log4j-api</artifactId>
          <groupId>org.apache.logging.log4j</groupId>
        </exclusion>
        <exclusion>
          <artifactId>log4j-to-slf4j</artifactId>
          <groupId>org.apache.logging.log4j</groupId>
        </exclusion>
      </exclusions>
    </dependency>
    <dependency>
      <groupId>org.springframework.retry</groupId>
      <artifactId>spring-retry</artifactId>
      <version>1.3.1</version>
      <scope>compile</scope>
    </dependency>
    <dependency>
      <groupId>org.thymeleaf.extras</groupId>
      <artifactId>thymeleaf-extras-springsecurity5</artifactId>
      <version>3.0.4.RELEASE</version>
      <scope>compile</scope>
    </dependency>
    <dependency>
      <groupId>org.springframework.boot</groupId>
      <artifactId>spring-boot-starter-data-jpa</artifactId>
      <version>2.6.1</version>
      <scope>compile</scope>
    </dependency>
    <dependency>
      <groupId>org.springframework.boot</groupId>
      <artifactId>spring-boot-devtools</artifactId>
      <version>2.6.1</version>
      <scope>compile</scope>
      <optional>true</optional>
    </dependency>
    <dependency>
      <groupId>org.webjars</groupId>
      <artifactId>bootstrap</artifactId>
      <version>3.3.7</version>
      <scope>compile</scope>
    </dependency>
    <dependency>
      <groupId>org.webjars</groupId>
      <artifactId>jquery</artifactId>
      <version>3.5.1</version>
      <scope>compile</scope>
    </dependency>
    <dependency>
      <groupId>org.hsqldb</groupId>
      <artifactId>hsqldb</artifactId>
      <version>2.5.2</version>
      <scope>compile</scope>
    </dependency>
    <dependency>
      <groupId>org.postgresql</groupId>
      <artifactId>postgresql</artifactId>
      <version>42.3.1</version>
      <scope>compile</scope>
    </dependency>
    <dependency>
      <groupId>org.apache.commons</groupId>
      <artifactId>commons-exec</artifactId>
      <version>1.3</version>
      <scope>compile</scope>
    </dependency>
    <dependency>
      <groupId>javax.xml.bind</groupId>
      <artifactId>jaxb-api</artifactId>
      <version>2.3.1</version>
      <scope>compile</scope>
    </dependency>
  </dependencies>
</project>
