<?xml version="1.0" encoding="UTF-8"?>
<project xsi:schemaLocation="http://maven.apache.org/POM/4.0.0 https://maven.apache.org/xsd/maven-4.0.0.xsd" xmlns="http://maven.apache.org/POM/4.0.0"
    xmlns:xsi="http://www.w3.org/2001/XMLSchema-instance">
  <modelVersion>4.0.0</modelVersion>
  <groupId>org.owasp.webgoat</groupId>
  <artifactId>webgoat-server</artifactId>
  <version>8.2.3-SNAPSHOT</version>
  <licenses>
    <license>
      <name>GNU General Public License, version 2</name>
      <url>https://www.gnu.org/licenses/gpl-2.0.txt</url>
    </license>
  </licenses>
  <dependencies>
    <dependency>
      <groupId>org.owasp.webgoat</groupId>
      <artifactId>webgoat-container</artifactId>
      <version>8.2.3-SNAPSHOT</version>
      <scope>compile</scope>
    </dependency>
    <dependency>
      <groupId>org.owasp.webgoat.lesson</groupId>
      <artifactId>challenge</artifactId>
      <version>8.2.3-SNAPSHOT</version>
      <scope>compile</scope>
    </dependency>
    <dependency>
      <groupId>org.owasp.webgoat.lesson</groupId>
      <artifactId>bypass-restrictions</artifactId>
      <version>8.2.3-SNAPSHOT</version>
      <scope>compile</scope>
    </dependency>
    <dependency>
      <groupId>org.owasp.webgoat.lesson</groupId>
      <artifactId>client-side-filtering</artifactId>
      <version>8.2.3-SNAPSHOT</version>
      <scope>compile</scope>
    </dependency>
    <dependency>
      <groupId>org.owasp.webgoat.lesson</groupId>
      <artifactId>crypto</artifactId>
      <version>8.2.3-SNAPSHOT</version>
      <scope>compile</scope>
    </dependency>
    <dependency>
      <groupId>org.owasp.webgoat.lesson</groupId>
      <artifactId>cross-site-scripting</artifactId>
      <version>8.2.3-SNAPSHOT</version>
      <scope>compile</scope>
    </dependency>
    <dependency>
      <groupId>org.owasp.webgoat.lesson</groupId>
      <artifactId>html-tampering</artifactId>
      <version>8.2.3-SNAPSHOT</version>
      <scope>compile</scope>
    </dependency>
    <dependency>
      <groupId>org.owasp.webgoat.lesson</groupId>
      <artifactId>http-basics</artifactId>
      <version>8.2.3-SNAPSHOT</version>
      <scope>compile</scope>
    </dependency>
    <dependency>
      <groupId>org.owasp.webgoat.lesson</groupId>
      <artifactId>http-proxies</artifactId>
      <version>8.2.3-SNAPSHOT</version>
      <scope>compile</scope>
    </dependency>
    <dependency>
      <groupId>org.owasp.webgoat.lesson</groupId>
      <artifactId>cia</artifactId>
      <version>8.2.3-SNAPSHOT</version>
      <scope>compile</scope>
    </dependency>
    <dependency>
      <groupId>org.owasp.webgoat.lesson</groupId>
      <artifactId>chrome-dev-tools</artifactId>
      <version>8.2.3-SNAPSHOT</version>
      <scope>compile</scope>
    </dependency>
    <dependency>
      <groupId>org.owasp.webgoat.lesson</groupId>
      <artifactId>idor</artifactId>
      <version>8.2.3-SNAPSHOT</version>
      <scope>compile</scope>
    </dependency>
    <dependency>
      <groupId>org.owasp.webgoat.lesson</groupId>
      <artifactId>csrf</artifactId>
      <version>8.2.3-SNAPSHOT</version>
      <scope>compile</scope>
    </dependency>
    <dependency>
      <groupId>org.owasp.webgoat.lesson</groupId>
      <artifactId>insecure-login</artifactId>
      <version>8.2.3-SNAPSHOT</version>
      <scope>compile</scope>
    </dependency>
    <dependency>
      <groupId>org.owasp.webgoat.lesson</groupId>
      <artifactId>insecure-deserialization</artifactId>
      <version>8.2.3-SNAPSHOT</version>
      <scope>compile</scope>
    </dependency>
    <dependency>
      <groupId>org.owasp.webgoat.lesson</groupId>
      <artifactId>jwt</artifactId>
      <version>8.2.3-SNAPSHOT</version>
      <scope>compile</scope>
    </dependency>
    <dependency>
      <groupId>org.owasp.webgoat.lesson</groupId>
      <artifactId>path-traversal</artifactId>
      <version>8.2.3-SNAPSHOT</version>
      <scope>compile</scope>
    </dependency>
    <dependency>
      <groupId>org.owasp.webgoat.lesson</groupId>
      <artifactId>sql-injection</artifactId>
      <version>8.2.3-SNAPSHOT</version>
      <scope>compile</scope>
    </dependency>
    <dependency>
      <groupId>org.owasp.webgoat.lesson</groupId>
      <artifactId>vulnerable-components</artifactId>
      <version>8.2.3-SNAPSHOT</version>
      <scope>compile</scope>
    </dependency>
    <dependency>
      <groupId>org.owasp.webgoat.lesson</groupId>
      <artifactId>xxe</artifactId>
      <version>8.2.3-SNAPSHOT</version>
      <scope>compile</scope>
    </dependency>
    <dependency>
      <groupId>org.owasp.webgoat.lesson</groupId>
      <artifactId>auth-bypass</artifactId>
      <version>8.2.3-SNAPSHOT</version>
      <scope>compile</scope>
    </dependency>
    <dependency>
      <groupId>org.owasp.webgoat.lesson</groupId>
      <artifactId>webgoat-introduction</artifactId>
      <version>8.2.3-SNAPSHOT</version>
      <scope>compile</scope>
    </dependency>
    <dependency>
      <groupId>org.owasp.webgoat.lesson</groupId>
      <artifactId>webwolf-introduction</artifactId>
      <version>8.2.3-SNAPSHOT</version>
      <scope>compile</scope>
    </dependency>
    <dependency>
      <groupId>org.owasp.webgoat.lesson</groupId>
      <artifactId>missing-function-ac</artifactId>
      <version>8.2.3-SNAPSHOT</version>
      <scope>compile</scope>
    </dependency>
    <dependency>
      <groupId>org.owasp.webgoat.lesson</groupId>
      <artifactId>password-reset</artifactId>
      <version>8.2.3-SNAPSHOT</version>
      <scope>compile</scope>
    </dependency>
    <dependency>
      <groupId>org.owasp.webgoat.lesson</groupId>
      <artifactId>ssrf</artifactId>
      <version>8.2.3-SNAPSHOT</version>
      <scope>compile</scope>
    </dependency>
    <dependency>
      <groupId>org.owasp.webgoat.lesson</groupId>
      <artifactId>secure-passwords</artifactId>
      <version>8.2.3-SNAPSHOT</version>
      <scope>compile</scope>
    </dependency>
    <dependency>
      <groupId>org.owasp.webgoat.lesson</groupId>
      <artifactId>spoof-cookie</artifactId>
      <version>8.2.3-SNAPSHOT</version>
      <scope>compile</scope>
    </dependency>
    <dependency>
      <groupId>org.owasp.webgoat.lesson</groupId>
      <artifactId>hijack-session</artifactId>
      <version>8.2.3-SNAPSHOT</version>
      <scope>compile</scope>
    </dependency>
    <dependency>
      <groupId>org.owasp.webgoat.lesson</groupId>
      <artifactId>webgoat-lesson-template</artifactId>
      <version>8.2.3-SNAPSHOT</version>
      <scope>compile</scope>
    </dependency>
    <dependency>
      <groupId>org.owasp.webgoat.lesson</groupId>
      <artifactId>logging</artifactId>
      <version>8.2.3-SNAPSHOT</version>
      <scope>compile</scope>
    </dependency>
    <dependency>
      <groupId>org.springframework.boot</groupId>
      <artifactId>spring-boot-devtools</artifactId>
      <version>2.6.1</version>
      <scope>compile</scope>
      <optional>true</optional>
    </dependency>
    <dependency>
      <groupId>org.postgresql</groupId>
      <artifactId>postgresql</artifactId>
      <version>42.3.1</version>
      <scope>compile</scope>
    </dependency>
    <dependency>
      <groupId>org.springframework.boot</groupId>
      <artifactId>spring-boot-starter-validation</artifactId>
      <version>2.6.1</version>
      <scope>compile</scope>
    </dependency>
    <dependency>
      <groupId>org.projectlombok</groupId>
      <artifactId>lombok</artifactId>
      <version>1.18.22</version>
      <scope>provided</scope>
      <optional>true</optional>
    </dependency>
    <dependency>
      <groupId>org.apache.commons</groupId>
      <artifactId>commons-exec</artifactId>
      <version>1.3</version>
      <scope>compile</scope>
    </dependency>
    <dependency>
      <groupId>javax.xml.bind</groupId>
      <artifactId>jaxb-api</artifactId>
      <version>2.3.1</version>
      <scope>compile</scope>
    </dependency>
  </dependencies>
</project>
