<?xml version="1.0" encoding="UTF-8"?>
<project xsi:schemaLocation="http://maven.apache.org/POM/4.0.0 https://maven.apache.org/xsd/maven-4.0.0.xsd" xmlns="http://maven.apache.org/POM/4.0.0"
    xmlns:xsi="http://www.w3.org/2001/XMLSchema-instance">
  <modelVersion>4.0.0</modelVersion>
  <groupId>org.owasp.webgoat.lesson</groupId>
  <artifactId>ssrf</artifactId>
  <version>8.2.3-SNAPSHOT</version>
  <licenses>
    <license>
      <name>GNU General Public License, version 2</name>
      <url>https://www.gnu.org/licenses/gpl-2.0.txt</url>
    </license>
  </licenses>
  <dependencies>
    <dependency>
      <groupId>org.owasp.webgoat</groupId>
      <artifactId>webgoat-container</artifactId>
      <version>8.2.3-SNAPSHOT</version>
      <scope>provided</scope>
    </dependency>
    <dependency>
      <groupId>org.springframework.boot</groupId>
      <artifactId>spring-boot-starter-validation</artifactId>
      <version>2.6.1</version>
      <scope>compile</scope>
    </dependency>
    <dependency>
      <groupId>org.projectlombok</groupId>
      <artifactId>lombok</artifactId>
      <version>1.18.22</version>
      <scope>provided</scope>
      <optional>true</optional>
    </dependency>
    <dependency>
      <groupId>org.apache.commons</groupId>
      <artifactId>commons-exec</artifactId>
      <version>1.3</version>
      <scope>compile</scope>
    </dependency>
    <dependency>
      <groupId>javax.xml.bind</groupId>
      <artifactId>jaxb-api</artifactId>
      <version>2.3.1</version>
      <scope>compile</scope>
    </dependency>
  </dependencies>
</project>
